appId,month,subcategory,count,avgScore
br.com.flashapp,1,Usabilidade,103,4.825242718446602
br.com.flashapp,1,Fatura,11,2.5454545454545454
br.com.flashapp,1,Programa de recompensas,4,3.25
br.com.flashapp,1,Elogio genérico,474,4.890295358649789
br.com.flashapp,1,,57,3.9473684210526314
br.com.flashapp,1,Cadastro/Registro,9,1
br.com.flashapp,1,Atendimento ao cliente,17,1.8823529411764706
br.com.flashapp,1,,1,5
br.com.flashapp,1,Investimento,1,1
br.com.flashapp,1,Cartão virtual,2,3.5
br.com.flashapp,1,Token,1,5
br.com.flashapp,1,Atualização,21,2.0476190476190474
br.com.flashapp,1,Notificações,1,3
br.com.flashapp,1,Cartão,36,1.9722222222222223
br.com.flashapp,1,Acesso/Login,48,1.6666666666666667
br.com.flashapp,1,Desempenho,19,2.210526315789474
br.com.flashapp,1,Reclamação genérica,78,2.948717948717949
br.com.flashapp,2,Token,1,2
br.com.flashapp,2,Cartão,50,1.76
br.com.flashapp,2,Usabilidade,153,4.895424836601308
br.com.flashapp,2,Notificações,7,2.4285714285714284
br.com.flashapp,2,Elogio genérico,941,4.899043570669501
br.com.flashapp,2,Desempenho,35,1.7142857142857142
br.com.flashapp,2,Atualização,20,1.95
br.com.flashapp,2,Fatura,10,3.1
br.com.flashapp,2,Programa de recompensas,6,3.6666666666666665
br.com.flashapp,2,Cadastro/Registro,15,1.7333333333333334
br.com.flashapp,2,Reclamação genérica,99,3.313131313131313
br.com.flashapp,2,,2,5
br.com.flashapp,2,Cartão virtual,3,2
br.com.flashapp,2,Acesso/Login,150,1.4933333333333334
br.com.flashapp,2,Atendimento ao cliente,42,2.761904761904762
br.com.flashapp,2,,60,3.9833333333333334
br.com.flashapp,2,Investimento,10,3.1
br.com.flashapp,3,Desempenho,8,1.625
br.com.flashapp,3,Notificações,2,1
br.com.flashapp,3,Atendimento ao cliente,19,3.1578947368421053
br.com.flashapp,3,Acesso/Login,44,2.2954545454545454
br.com.flashapp,3,Reclamação genérica,45,3.8
br.com.flashapp,3,Fatura,4,1.5
br.com.flashapp,3,Atualização,11,2.4545454545454546
br.com.flashapp,3,Cadastro/Registro,5,2.2
br.com.flashapp,3,Cartão,30,2.7333333333333334
br.com.flashapp,3,Programa de recompensas,1,5
br.com.flashapp,3,Cartão virtual,1,1
br.com.flashapp,3,Usabilidade,70,4.714285714285714
br.com.flashapp,3,Investimento,3,3.3333333333333335
br.com.flashapp,3,,35,4.085714285714285
br.com.flashapp,3,,2,5
br.com.flashapp,3,Elogio genérico,472,4.872881355932203
br.com.flashapp,4,,35,4.542857142857143
br.com.flashapp,4,Usabilidade,37,4.972972972972973
br.com.flashapp,4,Cadastro/Registro,3,1
br.com.flashapp,4,Cartão,27,1.8888888888888888
br.com.flashapp,4,Fatura,3,1.6666666666666667
br.com.flashapp,4,Programa de recompensas,1,2
br.com.flashapp,4,Notificações,2,1
br.com.flashapp,4,Desempenho,17,1.8823529411764706
br.com.flashapp,4,Elogio genérico,265,4.8226415094339625
br.com.flashapp,4,Atualização,3,1
br.com.flashapp,4,Atendimento ao cliente,10,1.8
br.com.flashapp,4,Acesso/Login,20,2.05
br.com.flashapp,4,Reclamação genérica,30,3.3333333333333335
br.com.flashapp,5,Acesso/Login,38,1.868421052631579
br.com.flashapp,5,Notificações,1,3
br.com.flashapp,5,Desempenho,17,1.9411764705882353
br.com.flashapp,5,Cartão,14,1.8571428571428572
br.com.flashapp,5,Fatura,3,3.6666666666666665
br.com.flashapp,5,,21,3.6666666666666665
br.com.flashapp,5,Atendimento ao cliente,10,3.4
br.com.flashapp,5,Token,1,3
br.com.flashapp,5,Reclamação genérica,38,2.4473684210526314
br.com.flashapp,5,Cadastro/Registro,6,2.1666666666666665
br.com.flashapp,5,Investimento,3,3
br.com.flashapp,5,Usabilidade,50,4.9
br.com.flashapp,5,Atualização,19,2.9473684210526314
br.com.flashapp,5,Programa de recompensas,2,4.5
br.com.flashapp,5,Cartão virtual,1,1
br.com.flashapp,5,Elogio genérico,250,4.924
br.com.flashapp,6,Atualização,13,1.7692307692307692
br.com.flashapp,6,,3,5
br.com.flashapp,6,Usabilidade,38,4.7631578947368425
br.com.flashapp,6,Reclamação genérica,38,3.6578947368421053
br.com.flashapp,6,Cartão,19,2.6842105263157894
br.com.flashapp,6,Investimento,1,5
br.com.flashapp,6,Elogio genérico,297,4.865319865319865
br.com.flashapp,6,Atendimento ao cliente,10,2.9
br.com.flashapp,6,Acesso/Login,16,1.9375
br.com.flashapp,6,Notificações,3,2.3333333333333335
br.com.flashapp,6,Fatura,4,4
br.com.flashapp,6,,25,4
br.com.flashapp,6,Desempenho,14,2.0714285714285716
br.com.flashapp,6,Cartão virtual,1,1
br.com.flashapp,6,Cadastro/Registro,2,3
br.com.flashapp,6,Token,2,4.5
br.com.flashapp,7,Cartão,23,2.217391304347826
br.com.flashapp,7,Desempenho,10,2.1
br.com.flashapp,7,Cartão virtual,1,1
br.com.flashapp,7,Acesso/Login,11,1.4545454545454546
br.com.flashapp,7,Atendimento ao cliente,7,3.4285714285714284
br.com.flashapp,7,Fatura,4,2
br.com.flashapp,7,Reclamação genérica,20,2.8
br.com.flashapp,7,Usabilidade,35,4.885714285714286
br.com.flashapp,7,Programa de recompensas,2,3
br.com.flashapp,7,Cadastro/Registro,4,2.5
br.com.flashapp,7,,19,3.3684210526315788
br.com.flashapp,7,Elogio genérico,310,4.84516129032258
br.com.flashapp,7,Atualização,7,1.4285714285714286
br.com.flashapp,7,Investimento,3,3.6666666666666665
br.com.flashapp,8,Cartão,24,2.1666666666666665
br.com.flashapp,8,Investimento,3,3.3333333333333335
br.com.flashapp,8,Acesso/Login,17,2.235294117647059
br.com.flashapp,8,Atendimento ao cliente,12,3.6666666666666665
br.com.flashapp,8,Token,1,3
br.com.flashapp,8,Atualização,15,1.5333333333333334
br.com.flashapp,8,Usabilidade,53,4.9245283018867925
br.com.flashapp,8,Cadastro/Registro,7,1
br.com.flashapp,8,Cartão virtual,1,1
br.com.flashapp,8,Desempenho,13,2.230769230769231
br.com.flashapp,8,Fatura,5,1.6
br.com.flashapp,8,,2,5
br.com.flashapp,8,Elogio genérico,363,4.856749311294766
br.com.flashapp,8,Notificações,1,1
br.com.flashapp,8,Reclamação genérica,34,3
br.com.flashapp,8,,34,3.2941176470588234
br.com.flashapp,9,Atendimento ao cliente,9,2.4444444444444446
br.com.flashapp,9,Investimento,5,1.2
br.com.flashapp,9,Usabilidade,47,4.9361702127659575
br.com.flashapp,9,Fatura,8,2.5
br.com.flashapp,9,Reclamação genérica,36,3.638888888888889
br.com.flashapp,9,Cartão,21,1.6666666666666667
br.com.flashapp,9,Cadastro/Registro,3,2.6666666666666665
br.com.flashapp,9,Notificações,5,2.2
br.com.flashapp,9,Elogio genérico,268,4.850746268656716
br.com.flashapp,9,,47,3.9574468085106385
br.com.flashapp,9,Acesso/Login,12,2
br.com.flashapp,9,Cartão virtual,1,1
br.com.flashapp,9,Atualização,9,2.5555555555555554
br.com.flashapp,9,Desempenho,14,1.7857142857142858
br.com.flashapp,9,,1,5
br.com.flashapp,9,Programa de recompensas,2,1
br.com.flashapp,10,,39,4.051282051282051
br.com.flashapp,10,Investimento,2,3
br.com.flashapp,10,Cadastro/Registro,1,1
br.com.flashapp,10,Usabilidade,49,4.795918367346939
br.com.flashapp,10,Cartão,12,1.8333333333333333
br.com.flashapp,10,Acesso/Login,12,1.6666666666666667
br.com.flashapp,10,Elogio genérico,275,4.901818181818181
br.com.flashapp,10,Cartão virtual,3,1.3333333333333333
br.com.flashapp,10,Atendimento ao cliente,12,3.3333333333333335
br.com.flashapp,10,Desempenho,14,2.5
br.com.flashapp,10,Fatura,2,1
br.com.flashapp,10,Atualização,4,2.5
br.com.flashapp,10,Notificações,2,1
br.com.flashapp,10,Reclamação genérica,34,3.588235294117647
br.com.flashapp,11,Notificações,2,4
br.com.flashapp,11,Programa de recompensas,1,2
br.com.flashapp,11,Elogio genérico,242,4.913223140495868
br.com.flashapp,11,Usabilidade,39,4.717948717948718
br.com.flashapp,11,Reclamação genérica,25,3.4
br.com.flashapp,11,,39,4.0256410256410255
br.com.flashapp,11,Atualização,2,3
br.com.flashapp,11,Cadastro/Registro,2,2
br.com.flashapp,11,Investimento,1,1
br.com.flashapp,11,Atendimento ao cliente,6,2.1666666666666665
br.com.flashapp,11,Acesso/Login,8,2.25
br.com.flashapp,11,,2,5
br.com.flashapp,11,Desempenho,7,1.7142857142857142
br.com.flashapp,11,Cartão,11,2.272727272727273
br.com.flashapp,11,Fatura,2,4.5
br.com.flashapp,12,Elogio genérico,302,4.874172185430464
br.com.flashapp,12,,1,5
br.com.flashapp,12,Desempenho,13,2.076923076923077
br.com.flashapp,12,Cartão virtual,4,2.25
br.com.flashapp,12,Usabilidade,38,4.7368421052631575
br.com.flashapp,12,Cadastro/Registro,5,2.2
br.com.flashapp,12,Atendimento ao cliente,9,2.6666666666666665
br.com.flashapp,12,Fatura,3,1.3333333333333333
br.com.flashapp,12,Acesso/Login,27,1.3703703703703705
br.com.flashapp,12,,46,3.869565217391304
br.com.flashapp,12,Reclamação genérica,34,3.088235294117647
br.com.flashapp,12,Investimento,2,3
br.com.flashapp,12,Cartão,14,2.2857142857142856
br.com.flashapp,12,Atualização,101,1.5742574257425743
br.com.ifood.benefits,1,Elogio genérico,196,4.887755102040816
br.com.ifood.benefits,1,Atendimento ao cliente,9,2.7777777777777777
br.com.ifood.benefits,1,Programa de recompensas,3,3
br.com.ifood.benefits,1,Atualização,14,1.8571428571428572
br.com.ifood.benefits,1,Notificações,3,2.6666666666666665
br.com.ifood.benefits,1,Investimento,2,2.5
br.com.ifood.benefits,1,Fatura,5,3
br.com.ifood.benefits,1,Reclamação genérica,21,3.5238095238095237
br.com.ifood.benefits,1,Cadastro/Registro,11,2.272727272727273
br.com.ifood.benefits,1,Usabilidade,46,4.869565217391305
br.com.ifood.benefits,1,,26,3.769230769230769
br.com.ifood.benefits,1,Desempenho,20,1.7
br.com.ifood.benefits,1,Acesso/Login,22,1.7272727272727273
br.com.ifood.benefits,1,,1,5
br.com.ifood.benefits,1,Cartão,19,2.3157894736842106
br.com.ifood.benefits,2,Notificações,3,2.6666666666666665
br.com.ifood.benefits,2,Desempenho,9,1.7777777777777777
br.com.ifood.benefits,2,Atualização,2,2.5
br.com.ifood.benefits,2,Acesso/Login,13,1.8461538461538463
br.com.ifood.benefits,2,Cadastro/Registro,5,1
br.com.ifood.benefits,2,Elogio genérico,67,4.91044776119403
br.com.ifood.benefits,2,Usabilidade,15,4.866666666666666
br.com.ifood.benefits,2,Reclamação genérica,12,3.1666666666666665
br.com.ifood.benefits,2,,7,4.571428571428571
br.com.ifood.benefits,2,Cartão,3,2.3333333333333335
br.com.ifood.benefits,3,Cadastro/Registro,3,1
br.com.ifood.benefits,3,Acesso/Login,10,1.3
br.com.ifood.benefits,3,Reclamação genérica,7,3
br.com.ifood.benefits,3,Cartão,2,3
br.com.ifood.benefits,3,Usabilidade,17,4.764705882352941
br.com.ifood.benefits,3,Fatura,4,2.5
br.com.ifood.benefits,3,Desempenho,8,1.125
br.com.ifood.benefits,3,Elogio genérico,67,4.865671641791045
br.com.ifood.benefits,3,Atendimento ao cliente,2,3.5
br.com.ifood.benefits,3,Programa de recompensas,1,5
br.com.ifood.benefits,3,Notificações,5,4
br.com.ifood.benefits,3,Atualização,1,1
br.com.ifood.benefits,3,,17,3.7058823529411766
br.com.ifood.benefits,4,Elogio genérico,78,4.910256410256411
br.com.ifood.benefits,4,Usabilidade,14,4.928571428571429
br.com.ifood.benefits,4,Acesso/Login,10,2
br.com.ifood.benefits,4,Atualização,1,1
br.com.ifood.benefits,4,Cartão,4,3
br.com.ifood.benefits,4,Cadastro/Registro,5,1.4
br.com.ifood.benefits,4,Reclamação genérica,10,2.8
br.com.ifood.benefits,4,Investimento,1,1
br.com.ifood.benefits,4,,20,3.85
br.com.ifood.benefits,4,Desempenho,3,1.3333333333333333
br.com.ifood.benefits,4,Notificações,3,2.3333333333333335
br.com.ifood.benefits,4,Atendimento ao cliente,2,1
br.com.ifood.benefits,5,Acesso/Login,12,2.0833333333333335
br.com.ifood.benefits,5,Investimento,2,3
br.com.ifood.benefits,5,Usabilidade,26,4.923076923076923
br.com.ifood.benefits,5,Cadastro/Registro,1,1
br.com.ifood.benefits,5,Elogio genérico,77,4.896103896103896
br.com.ifood.benefits,5,Reclamação genérica,7,4.285714285714286
br.com.ifood.benefits,5,Programa de recompensas,1,5
br.com.ifood.benefits,5,,27,3.6666666666666665
br.com.ifood.benefits,5,Notificações,2,1
br.com.ifood.benefits,5,Atualização,1,1
br.com.ifood.benefits,5,Desempenho,5,1.4
br.com.ifood.benefits,5,Cartão,5,1.8
br.com.ifood.benefits,5,Atendimento ao cliente,2,5
br.com.ifood.benefits,5,Fatura,3,1
br.com.ifood.benefits,6,Programa de recompensas,1,1
br.com.ifood.benefits,6,Cadastro/Registro,4,2
br.com.ifood.benefits,6,Atualização,3,1
br.com.ifood.benefits,6,Notificações,2,1
br.com.ifood.benefits,6,Usabilidade,23,4.478260869565218
br.com.ifood.benefits,6,Desempenho,5,1.8
br.com.ifood.benefits,6,,19,3.9473684210526314
br.com.ifood.benefits,6,Acesso/Login,7,1.4285714285714286
br.com.ifood.benefits,6,Fatura,3,2
br.com.ifood.benefits,6,Reclamação genérica,10,3.9
br.com.ifood.benefits,6,Cartão,6,3
br.com.ifood.benefits,6,Elogio genérico,97,4.938144329896907
br.com.ifood.benefits,6,Cartão virtual,1,1
br.com.ifood.benefits,7,Usabilidade,31,4.967741935483871
br.com.ifood.benefits,7,Reclamação genérica,11,3.6363636363636362
br.com.ifood.benefits,7,Acesso/Login,3,2.6666666666666665
br.com.ifood.benefits,7,Notificações,1,5
br.com.ifood.benefits,7,Programa de recompensas,1,1
br.com.ifood.benefits,7,Atualização,1,3
br.com.ifood.benefits,7,Cadastro/Registro,2,1
br.com.ifood.benefits,7,Desempenho,2,5
br.com.ifood.benefits,7,,1,5
br.com.ifood.benefits,7,,18,4.5
br.com.ifood.benefits,7,Atendimento ao cliente,1,1
br.com.ifood.benefits,7,Fatura,1,4
br.com.ifood.benefits,7,Elogio genérico,85,4.929411764705883
br.com.ifood.benefits,7,Investimento,1,3
br.com.ifood.benefits,7,Cartão,8,2.375
br.com.ifood.benefits,8,Programa de recompensas,3,2.3333333333333335
br.com.ifood.benefits,8,Reclamação genérica,17,2.7058823529411766
br.com.ifood.benefits,8,Fatura,3,1
br.com.ifood.benefits,8,Elogio genérico,111,4.900900900900901
br.com.ifood.benefits,8,Investimento,3,1.3333333333333333
br.com.ifood.benefits,8,,24,3.7083333333333335
br.com.ifood.benefits,8,Desempenho,7,2.857142857142857
br.com.ifood.benefits,8,Cartão,12,1.3333333333333333
br.com.ifood.benefits,8,Atualização,3,1
br.com.ifood.benefits,8,Acesso/Login,12,1.4166666666666667
br.com.ifood.benefits,8,Atendimento ao cliente,5,2.2
br.com.ifood.benefits,8,Notificações,7,2.2857142857142856
br.com.ifood.benefits,8,Cadastro/Registro,6,1
br.com.ifood.benefits,8,Usabilidade,29,4.724137931034483
br.com.ifood.benefits,9,Notificações,3,1.3333333333333333
br.com.ifood.benefits,9,Cadastro/Registro,7,1.8571428571428572
br.com.ifood.benefits,9,Desempenho,9,1.6666666666666667
br.com.ifood.benefits,9,Elogio genérico,68,4.897058823529412
br.com.ifood.benefits,9,Fatura,4,2.5
br.com.ifood.benefits,9,Acesso/Login,14,1.1428571428571428
br.com.ifood.benefits,9,,28,3.75
br.com.ifood.benefits,9,Atualização,2,2
br.com.ifood.benefits,9,Reclamação genérica,19,3.1578947368421053
br.com.ifood.benefits,9,Programa de recompensas,1,1
br.com.ifood.benefits,9,,1,5
br.com.ifood.benefits,9,Cartão virtual,1,1
br.com.ifood.benefits,9,Investimento,1,5
br.com.ifood.benefits,9,Cartão,9,1.6666666666666667
br.com.ifood.benefits,9,Usabilidade,19,5
br.com.ifood.benefits,10,Programa de recompensas,2,3
br.com.ifood.benefits,10,Atualização,2,2
br.com.ifood.benefits,10,Reclamação genérica,19,3
br.com.ifood.benefits,10,,1,5
br.com.ifood.benefits,10,Fatura,1,2
br.com.ifood.benefits,10,Usabilidade,21,4.904761904761905
br.com.ifood.benefits,10,Elogio genérico,74,4.95945945945946
br.com.ifood.benefits,10,Cadastro/Registro,6,1
br.com.ifood.benefits,10,Acesso/Login,12,1.8333333333333333
br.com.ifood.benefits,10,Atendimento ao cliente,1,1
br.com.ifood.benefits,10,Cartão,11,1.6363636363636365
br.com.ifood.benefits,10,Cartão virtual,1,2
br.com.ifood.benefits,10,Investimento,2,2.5
br.com.ifood.benefits,10,Notificações,3,2.3333333333333335
br.com.ifood.benefits,10,,15,4.333333333333333
br.com.ifood.benefits,10,Desempenho,6,2
br.com.ifood.benefits,11,Cartão,7,2.142857142857143
br.com.ifood.benefits,11,Atualização,3,2
br.com.ifood.benefits,11,Reclamação genérica,8,3
br.com.ifood.benefits,11,Fatura,1,1
br.com.ifood.benefits,11,Atendimento ao cliente,2,3
br.com.ifood.benefits,11,Cadastro/Registro,5,1.8
br.com.ifood.benefits,11,Desempenho,5,2.4
br.com.ifood.benefits,11,Elogio genérico,94,4.8936170212765955
br.com.ifood.benefits,11,Notificações,5,2.2
br.com.ifood.benefits,11,,23,4.6521739130434785
br.com.ifood.benefits,11,Usabilidade,18,4.722222222222222
br.com.ifood.benefits,11,Acesso/Login,10,1.5
br.com.ifood.benefits,12,Cartão,9,1.8888888888888888
br.com.ifood.benefits,12,Cartão virtual,2,4
br.com.ifood.benefits,12,Fatura,4,1
br.com.ifood.benefits,12,Elogio genérico,99,4.8686868686868685
br.com.ifood.benefits,12,Notificações,1,1
br.com.ifood.benefits,12,,2,4
br.com.ifood.benefits,12,Reclamação genérica,9,3.6666666666666665
br.com.ifood.benefits,12,Usabilidade,26,4.846153846153846
br.com.ifood.benefits,12,Atendimento ao cliente,3,1.3333333333333333
br.com.ifood.benefits,12,Atualização,1,1
br.com.ifood.benefits,12,Cadastro/Registro,3,1
br.com.ifood.benefits,12,Desempenho,4,1.5
br.com.ifood.benefits,12,,20,3.8
br.com.ifood.benefits,12,Acesso/Login,7,1.1428571428571428
br.com.mobile.ticket,1,Notificações,7,2
br.com.mobile.ticket,1,Fatura,36,2.138888888888889
br.com.mobile.ticket,1,Cadastro/Registro,39,1.4615384615384615
br.com.mobile.ticket,1,Reclamação genérica,460,1.8782608695652174
br.com.mobile.ticket,1,Acesso/Login,1709,1.3651258045640726
br.com.mobile.ticket,1,Cartão,157,1.6114649681528663
br.com.mobile.ticket,1,Cartão virtual,2,2
br.com.mobile.ticket,1,Usabilidade,192,4.520833333333333
br.com.mobile.ticket,1,Atualização,476,1.415966386554622
br.com.mobile.ticket,1,Atendimento ao cliente,69,2.2753623188405796
br.com.mobile.ticket,1,Programa de recompensas,8,1.5
br.com.mobile.ticket,1,,235,3.527659574468085
br.com.mobile.ticket,1,Elogio genérico,1321,4.836487509462528
br.com.mobile.ticket,1,,13,3.076923076923077
br.com.mobile.ticket,1,Desempenho,561,1.2709447415329769
br.com.mobile.ticket,1,Investimento,34,2.0294117647058822
br.com.mobile.ticket,1,Token,4,2
br.com.mobile.ticket,2,,1,5
br.com.mobile.ticket,2,Investimento,4,1.75
br.com.mobile.ticket,2,Elogio genérico,80,4.6625
br.com.mobile.ticket,2,Acesso/Login,143,1.6783216783216783
br.com.mobile.ticket,2,Cadastro/Registro,7,1
br.com.mobile.ticket,2,Atendimento ao cliente,12,1
br.com.mobile.ticket,2,Atualização,173,2.132947976878613
br.com.mobile.ticket,2,Fatura,10,1.5
br.com.mobile.ticket,2,Usabilidade,7,4.285714285714286
br.com.mobile.ticket,2,Programa de recompensas,2,1
br.com.mobile.ticket,2,,34,2.2058823529411766
br.com.mobile.ticket,2,Reclamação genérica,78,1.6666666666666667
br.com.mobile.ticket,2,Desempenho,55,2.109090909090909
br.com.mobile.ticket,2,Cartão,42,1.6428571428571428
br.com.mobile.ticket,2,Notificações,3,2.3333333333333335
br.com.mobile.ticket,2,Cartão virtual,1,3
br.com.mobile.ticket,3,Cartão,40,1.525
br.com.mobile.ticket,3,Programa de recompensas,1,1
br.com.mobile.ticket,3,Fatura,13,2.076923076923077
br.com.mobile.ticket,3,Elogio genérico,22,4.7727272727272725
br.com.mobile.ticket,3,Atendimento ao cliente,13,1.6153846153846154
br.com.mobile.ticket,3,,26,1.7692307692307692
br.com.mobile.ticket,3,Desempenho,23,1.0869565217391304
br.com.mobile.ticket,3,Acesso/Login,104,1.4711538461538463
br.com.mobile.ticket,3,Reclamação genérica,52,1.4615384615384615
br.com.mobile.ticket,3,Notificações,6,1.1666666666666667
br.com.mobile.ticket,3,,1,5
br.com.mobile.ticket,3,Usabilidade,6,4.166666666666667
br.com.mobile.ticket,3,Atualização,78,1.4871794871794872
br.com.mobile.ticket,3,Cadastro/Registro,14,1.4285714285714286
br.com.mobile.ticket,4,Desempenho,28,1.2857142857142858
br.com.mobile.ticket,4,Acesso/Login,86,1.5465116279069768
br.com.mobile.ticket,4,Usabilidade,6,3.1666666666666665
br.com.mobile.ticket,4,Cadastro/Registro,11,1.7272727272727273
br.com.mobile.ticket,4,Notificações,7,1.7142857142857142
br.com.mobile.ticket,4,Fatura,20,1.5
br.com.mobile.ticket,4,Programa de recompensas,2,1.5
br.com.mobile.ticket,4,Reclamação genérica,55,1.8727272727272728
br.com.mobile.ticket,4,Token,1,1
br.com.mobile.ticket,4,Atualização,73,1.452054794520548
br.com.mobile.ticket,4,Investimento,4,2.25
br.com.mobile.ticket,4,,27,2.4444444444444446
br.com.mobile.ticket,4,Elogio genérico,32,4.5625
br.com.mobile.ticket,4,Atendimento ao cliente,14,1.9285714285714286
br.com.mobile.ticket,4,Cartão,28,1.1785714285714286
br.com.mobile.ticket,5,Notificações,6,1
br.com.mobile.ticket,5,Atendimento ao cliente,9,1.3333333333333333
br.com.mobile.ticket,5,Cadastro/Registro,8,1.5
br.com.mobile.ticket,5,Elogio genérico,43,5
br.com.mobile.ticket,5,,21,2.4761904761904763
br.com.mobile.ticket,5,Reclamação genérica,44,1.5909090909090908
br.com.mobile.ticket,5,Atualização,75,1.4133333333333333
br.com.mobile.ticket,5,Fatura,9,1.7777777777777777
br.com.mobile.ticket,5,Cartão,26,1.6153846153846154
br.com.mobile.ticket,5,Desempenho,26,1.3076923076923077
br.com.mobile.ticket,5,Investimento,2,2
br.com.mobile.ticket,5,Programa de recompensas,1,1
br.com.mobile.ticket,5,Acesso/Login,86,1.3604651162790697
br.com.mobile.ticket,5,Usabilidade,4,4.25
br.com.mobile.ticket,6,Cartão,42,1.4523809523809523
br.com.mobile.ticket,6,Cartão virtual,1,2
br.com.mobile.ticket,6,Atualização,60,1.3833333333333333
br.com.mobile.ticket,6,Investimento,5,1.2
br.com.mobile.ticket,6,Atendimento ao cliente,22,1.7272727272727273
br.com.mobile.ticket,6,Reclamação genérica,76,1.5921052631578947
br.com.mobile.ticket,6,Cadastro/Registro,15,1.4
br.com.mobile.ticket,6,Notificações,11,1.2727272727272727
br.com.mobile.ticket,6,Usabilidade,3,4.666666666666667
br.com.mobile.ticket,6,,26,2.576923076923077
br.com.mobile.ticket,6,Acesso/Login,194,1.4896907216494846
br.com.mobile.ticket,6,,2,2
br.com.mobile.ticket,6,Elogio genérico,62,4.887096774193548
br.com.mobile.ticket,6,Desempenho,33,1.2424242424242424
br.com.mobile.ticket,6,Token,2,1
br.com.mobile.ticket,6,Fatura,13,1.4615384615384615
br.com.mobile.ticket,7,Cartão,29,2.2758620689655173
br.com.mobile.ticket,7,Atendimento ao cliente,10,1.1
br.com.mobile.ticket,7,Reclamação genérica,28,1.2142857142857142
br.com.mobile.ticket,7,Notificações,4,1.5
br.com.mobile.ticket,7,Atualização,21,2.2857142857142856
br.com.mobile.ticket,7,Programa de recompensas,1,5
br.com.mobile.ticket,7,Elogio genérico,43,4.813953488372093
br.com.mobile.ticket,7,,1,5
br.com.mobile.ticket,7,Fatura,13,1.7692307692307692
br.com.mobile.ticket,7,Investimento,5,3
br.com.mobile.ticket,7,Desempenho,19,1.7894736842105263
br.com.mobile.ticket,7,Cadastro/Registro,6,1.1666666666666667
br.com.mobile.ticket,7,Acesso/Login,89,1.5842696629213484
br.com.mobile.ticket,7,Usabilidade,4,4
br.com.mobile.ticket,7,,27,3.037037037037037
br.com.mobile.ticket,8,Desempenho,25,1.48
br.com.mobile.ticket,8,Reclamação genérica,74,3.0945945945945947
br.com.mobile.ticket,8,Investimento,2,2.5
br.com.mobile.ticket,8,Usabilidade,150,4.833333333333333
br.com.mobile.ticket,8,Atualização,29,1.9655172413793103
br.com.mobile.ticket,8,Programa de recompensas,2,1
br.com.mobile.ticket,8,,2,5
br.com.mobile.ticket,8,Elogio genérico,886,4.874717832957111
br.com.mobile.ticket,8,Cartão,47,1.8297872340425532
br.com.mobile.ticket,8,Atendimento ao cliente,15,3.4
br.com.mobile.ticket,8,,56,3.767857142857143
br.com.mobile.ticket,8,Acesso/Login,78,1.5384615384615385
br.com.mobile.ticket,8,Cadastro/Registro,6,1
br.com.mobile.ticket,8,Fatura,18,2.0555555555555554
br.com.mobile.ticket,8,Token,1,1
br.com.mobile.ticket,8,Notificações,6,1.6666666666666667
br.com.mobile.ticket,8,Cartão virtual,1,2
br.com.mobile.ticket,9,Cartão virtual,1,2
br.com.mobile.ticket,9,Notificações,4,4.5
br.com.mobile.ticket,9,Investimento,5,3
br.com.mobile.ticket,9,Usabilidade,321,4.838006230529595
br.com.mobile.ticket,9,Elogio genérico,1737,4.867587795048935
br.com.mobile.ticket,9,Fatura,19,2.8421052631578947
br.com.mobile.ticket,9,Atendimento ao cliente,24,3.7916666666666665
br.com.mobile.ticket,9,Programa de recompensas,1,5
br.com.mobile.ticket,9,Desempenho,29,2.310344827586207
br.com.mobile.ticket,9,Reclamação genérica,158,3.949367088607595
br.com.mobile.ticket,9,,6,4.5
br.com.mobile.ticket,9,Atualização,41,2.4878048780487805
br.com.mobile.ticket,9,,167,4.179640718562874
br.com.mobile.ticket,9,Cadastro/Registro,9,2.111111111111111
br.com.mobile.ticket,9,Cartão,37,2.3513513513513513
br.com.mobile.ticket,9,Acesso/Login,114,1.868421052631579
br.com.mobile.ticket,10,Desempenho,29,2.0344827586206895
br.com.mobile.ticket,10,Cadastro/Registro,6,1.6666666666666667
br.com.mobile.ticket,10,Cartão,43,2.372093023255814
br.com.mobile.ticket,10,Investimento,1,2
br.com.mobile.ticket,10,Notificações,3,3.6666666666666665
br.com.mobile.ticket,10,Atendimento ao cliente,18,3.8333333333333335
br.com.mobile.ticket,10,Atualização,25,1.88
br.com.mobile.ticket,10,Reclamação genérica,102,3.607843137254902
br.com.mobile.ticket,10,Elogio genérico,1066,4.842401500938086
br.com.mobile.ticket,10,Fatura,16,2.25
br.com.mobile.ticket,10,,85,3.9529411764705884
br.com.mobile.ticket,10,Cartão virtual,1,2
br.com.mobile.ticket,10,,2,5
br.com.mobile.ticket,10,Acesso/Login,86,2.13953488372093
br.com.mobile.ticket,10,Usabilidade,181,4.845303867403315
br.com.mobile.ticket,11,Acesso/Login,124,1.7741935483870968
br.com.mobile.ticket,11,Investimento,7,3.2857142857142856
br.com.mobile.ticket,11,Desempenho,37,1.8108108108108107
br.com.mobile.ticket,11,Atendimento ao cliente,24,2.7916666666666665
br.com.mobile.ticket,11,Elogio genérico,822,4.861313868613139
br.com.mobile.ticket,11,Atualização,68,1.9264705882352942
br.com.mobile.ticket,11,Notificações,4,2.5
br.com.mobile.ticket,11,Programa de recompensas,2,2
br.com.mobile.ticket,11,,3,5
br.com.mobile.ticket,11,Fatura,13,2.3076923076923075
br.com.mobile.ticket,11,Cartão,44,2.0681818181818183
br.com.mobile.ticket,11,Token,1,5
br.com.mobile.ticket,11,Cadastro/Registro,11,2.272727272727273
br.com.mobile.ticket,11,Reclamação genérica,93,2.849462365591398
br.com.mobile.ticket,11,,65,3.5384615384615383
br.com.mobile.ticket,11,Usabilidade,131,4.893129770992366
br.com.mobile.ticket,12,Cartão,38,2.1052631578947367
br.com.mobile.ticket,12,,140,3.5214285714285714
br.com.mobile.ticket,12,Notificações,4,2.5
br.com.mobile.ticket,12,Cartão virtual,3,1
br.com.mobile.ticket,12,Usabilidade,152,4.881578947368421
br.com.mobile.ticket,12,Fatura,13,3.076923076923077
br.com.mobile.ticket,12,Token,2,3
br.com.mobile.ticket,12,Acesso/Login,47,1.872340425531915
br.com.mobile.ticket,12,Elogio genérico,868,4.874423963133641
br.com.mobile.ticket,12,,3,5
br.com.mobile.ticket,12,Investimento,27,2.4074074074074074
br.com.mobile.ticket,12,Programa de recompensas,5,2.4
br.com.mobile.ticket,12,Cadastro/Registro,16,1.75
br.com.mobile.ticket,12,Desempenho,15,2.6
br.com.mobile.ticket,12,Atualização,71,1.9295774647887325
br.com.mobile.ticket,12,Reclamação genérica,85,3.235294117647059
br.com.mobile.ticket,12,Atendimento ao cliente,19,2.9473684210526314
br.com.santander.benvisavale,1,Atendimento ao cliente,1,5
br.com.santander.benvisavale,1,Acesso/Login,4,1
br.com.santander.benvisavale,1,Notificações,1,1
br.com.santander.benvisavale,1,Usabilidade,2,5
br.com.santander.benvisavale,1,Cartão,6,1.5
br.com.santander.benvisavale,1,Desempenho,1,1
br.com.santander.benvisavale,1,Cadastro/Registro,1,1
br.com.santander.benvisavale,1,Elogio genérico,8,4.875
br.com.santander.benvisavale,1,,3,3.3333333333333335
br.com.santander.benvisavale,1,Reclamação genérica,4,1
br.com.santander.benvisavale,1,Atualização,1,1
br.com.santander.benvisavale,2,Atualização,6,1
br.com.santander.benvisavale,2,Fatura,1,1
br.com.santander.benvisavale,2,Atendimento ao cliente,1,1
br.com.santander.benvisavale,2,Elogio genérico,2,4.5
br.com.santander.benvisavale,2,Acesso/Login,2,1
br.com.santander.benvisavale,2,Cadastro/Registro,4,1
br.com.santander.benvisavale,2,,3,2.3333333333333335
br.com.santander.benvisavale,2,Reclamação genérica,2,1
br.com.santander.benvisavale,2,Cartão,8,1.375
br.com.santander.benvisavale,2,Investimento,1,1
br.com.santander.benvisavale,3,Atendimento ao cliente,1,5
br.com.santander.benvisavale,3,Usabilidade,2,4
br.com.santander.benvisavale,3,Fatura,3,1.6666666666666667
br.com.santander.benvisavale,3,Desempenho,2,1
br.com.santander.benvisavale,3,Elogio genérico,4,5
br.com.santander.benvisavale,3,Acesso/Login,4,1.25
br.com.santander.benvisavale,3,Notificações,1,1
br.com.santander.benvisavale,3,Cartão virtual,1,1
br.com.santander.benvisavale,3,Cadastro/Registro,2,1
br.com.santander.benvisavale,3,Atualização,3,1.6666666666666667
br.com.santander.benvisavale,3,Reclamação genérica,3,1
br.com.santander.benvisavale,3,Cartão,3,1
br.com.santander.benvisavale,3,,4,2.5
br.com.santander.benvisavale,4,Fatura,2,1
br.com.santander.benvisavale,4,Usabilidade,1,5
br.com.santander.benvisavale,4,Acesso/Login,12,1.0833333333333333
br.com.santander.benvisavale,4,,3,2.3333333333333335
br.com.santander.benvisavale,4,Elogio genérico,7,5
br.com.santander.benvisavale,4,Desempenho,3,1
br.com.santander.benvisavale,4,Cadastro/Registro,6,1.3333333333333333
br.com.santander.benvisavale,4,Atualização,9,1.5555555555555556
br.com.santander.benvisavale,4,Reclamação genérica,8,1.5
br.com.santander.benvisavale,4,Notificações,4,1.25
br.com.santander.benvisavale,4,Programa de recompensas,1,1
br.com.santander.benvisavale,4,Atendimento ao cliente,1,1
br.com.santander.benvisavale,4,Cartão,6,1
br.com.santander.benvisavale,4,Token,2,3
br.com.santander.benvisavale,5,Reclamação genérica,6,1.1666666666666667
br.com.santander.benvisavale,5,Desempenho,1,1
br.com.santander.benvisavale,5,Cadastro/Registro,3,1
br.com.santander.benvisavale,5,Usabilidade,1,5
br.com.santander.benvisavale,5,,1,5
br.com.santander.benvisavale,5,,3,3.6666666666666665
br.com.santander.benvisavale,5,Elogio genérico,3,5
br.com.santander.benvisavale,5,Acesso/Login,11,1.0909090909090908
br.com.santander.benvisavale,5,Cartão,2,1
br.com.santander.benvisavale,5,Atualização,11,1.3636363636363635
br.com.santander.benvisavale,6,,4,2.25
br.com.santander.benvisavale,6,Atendimento ao cliente,2,1
br.com.santander.benvisavale,6,Desempenho,9,1.6666666666666667
br.com.santander.benvisavale,6,Atualização,15,1.1333333333333333
br.com.santander.benvisavale,6,Elogio genérico,3,5
br.com.santander.benvisavale,6,Cartão,5,1.8
br.com.santander.benvisavale,6,Reclamação genérica,9,2.2222222222222223
br.com.santander.benvisavale,6,Fatura,3,2.3333333333333335
br.com.santander.benvisavale,6,Cadastro/Registro,1,1
br.com.santander.benvisavale,6,Acesso/Login,25,1.52
br.com.santander.benvisavale,6,Usabilidade,2,3
br.com.santander.benvisavale,7,Acesso/Login,9,1.3333333333333333
br.com.santander.benvisavale,7,Cadastro/Registro,1,1
br.com.santander.benvisavale,7,Reclamação genérica,9,2.2222222222222223
br.com.santander.benvisavale,7,Fatura,1,1
br.com.santander.benvisavale,7,Atualização,9,1.6666666666666667
br.com.santander.benvisavale,7,,10,4.4
br.com.santander.benvisavale,7,Notificações,2,1.5
br.com.santander.benvisavale,7,Desempenho,1,1
br.com.santander.benvisavale,7,Atendimento ao cliente,3,3.6666666666666665
br.com.santander.benvisavale,7,Usabilidade,7,5
br.com.santander.benvisavale,7,Elogio genérico,43,4.883720930232558
br.com.santander.benvisavale,7,Cartão,5,2
br.com.santander.benvisavale,8,Cadastro/Registro,1,1
br.com.santander.benvisavale,8,Investimento,2,3
br.com.santander.benvisavale,8,Usabilidade,15,4.866666666666666
br.com.santander.benvisavale,8,Reclamação genérica,9,3.7777777777777777
br.com.santander.benvisavale,8,Cartão,5,2.6
br.com.santander.benvisavale,8,Desempenho,5,2.6
br.com.santander.benvisavale,8,Acesso/Login,9,3
br.com.santander.benvisavale,8,Elogio genérico,72,4.916666666666667
br.com.santander.benvisavale,8,Atualização,5,1.4
br.com.santander.benvisavale,8,,15,4.266666666666667
br.com.santander.benvisavale,8,Atendimento ao cliente,4,2.75
br.com.santander.benvisavale,9,Fatura,1,3
br.com.santander.benvisavale,9,,6,4.5
br.com.santander.benvisavale,9,Usabilidade,7,5
br.com.santander.benvisavale,9,Elogio genérico,33,4.96969696969697
br.com.santander.benvisavale,9,Desempenho,1,5
br.com.santander.benvisavale,9,Reclamação genérica,5,4
br.com.santander.benvisavale,9,,2,5
br.com.santander.benvisavale,9,Cartão,1,1
br.com.santander.benvisavale,9,Atendimento ao cliente,1,5
br.com.santander.benvisavale,9,Atualização,2,3
br.com.santander.benvisavale,9,Acesso/Login,10,2.4
br.com.santander.benvisavale,10,Cartão,2,1
br.com.santander.benvisavale,10,Usabilidade,7,5
br.com.santander.benvisavale,10,Elogio genérico,27,4.962962962962963
br.com.santander.benvisavale,10,Reclamação genérica,2,5
br.com.santander.benvisavale,10,Acesso/Login,3,1
br.com.santander.benvisavale,10,,9,4.333333333333333
br.com.santander.benvisavale,10,Desempenho,1,5
br.com.santander.benvisavale,11,Reclamação genérica,2,3
br.com.santander.benvisavale,11,Elogio genérico,15,4.933333333333334
br.com.santander.benvisavale,11,Atualização,1,4
br.com.santander.benvisavale,11,Atendimento ao cliente,2,5
br.com.santander.benvisavale,11,Desempenho,1,1
br.com.santander.benvisavale,11,Acesso/Login,1,1
br.com.santander.benvisavale,11,Cartão,2,1
br.com.santander.benvisavale,11,,3,4.333333333333333
br.com.santander.benvisavale,12,Atualização,1,1
br.com.santander.benvisavale,12,Cadastro/Registro,1,5
br.com.santander.benvisavale,12,Atendimento ao cliente,1,5
br.com.santander.benvisavale,12,Elogio genérico,8,5
br.com.santander.benvisavale,12,Fatura,1,1
br.com.santander.benvisavale,12,,1,4
br.com.santander.benvisavale,12,Acesso/Login,2,3
com.caju.employeeApp,1,Serviços,13,2.923076923076923
com.caju.employeeApp,1,Atendimento ao cliente,34,3.6176470588235294
com.caju.employeeApp,1,Funcionalidades,32,2.46875
com.caju.employeeApp,1,,214,4.299065420560748
com.caju.employeeApp,1,,7,4.428571428571429
com.caju.employeeApp,1,Usabilidade,158,4.7784810126582276
com.caju.employeeApp,1,Acesso/Login,459,1.9019607843137254
com.caju.employeeApp,1,Desempenho,114,2.307017543859649
com.caju.employeeApp,1,Elogio genérico,1651,4.835251362810418
com.caju.employeeApp,1,Reclamação genérica,279,2.978494623655914
com.caju.employeeApp,1,Cobrança,8,2.75
com.caju.employeeApp,2,Desempenho,7,1.7142857142857142
com.caju.employeeApp,2,,23,3.5217391304347827
com.caju.employeeApp,2,Funcionalidades,3,4
com.caju.employeeApp,2,Serviços,4,2
com.caju.employeeApp,2,Usabilidade,11,4.909090909090909
com.caju.employeeApp,2,Atendimento ao cliente,12,1.4166666666666667
com.caju.employeeApp,2,Elogio genérico,50,4.78
com.caju.employeeApp,2,Reclamação genérica,9,2.7777777777777777
com.caju.employeeApp,2,,1,5
com.caju.employeeApp,2,Acesso/Login,32,1.84375
com.caju.employeeApp,3,,12,3.9166666666666665
com.caju.employeeApp,3,Serviços,1,1
com.caju.employeeApp,3,Usabilidade,9,4.888888888888889
com.caju.employeeApp,3,Atendimento ao cliente,10,1.4
com.caju.employeeApp,3,Elogio genérico,63,4.873015873015873
com.caju.employeeApp,3,Funcionalidades,2,3
com.caju.employeeApp,3,Reclamação genérica,12,3
com.caju.employeeApp,3,Desempenho,10,2
com.caju.employeeApp,3,Acesso/Login,17,1.6470588235294117
com.caju.employeeApp,4,,19,3
com.caju.employeeApp,4,Desempenho,12,1.5
com.caju.employeeApp,4,,1,5
com.caju.employeeApp,4,Reclamação genérica,14,2.857142857142857
com.caju.employeeApp,4,Acesso/Login,19,1.736842105263158
com.caju.employeeApp,4,Funcionalidades,9,1.7777777777777777
com.caju.employeeApp,4,Atendimento ao cliente,8,1.875
com.caju.employeeApp,4,Usabilidade,9,5
com.caju.employeeApp,4,Serviços,3,1
com.caju.employeeApp,4,Elogio genérico,63,4.888888888888889
com.caju.employeeApp,5,Serviços,2,3
com.caju.employeeApp,5,Usabilidade,10,4.9
com.caju.employeeApp,5,Desempenho,9,1.2222222222222223
com.caju.employeeApp,5,Reclamação genérica,11,2.1818181818181817
com.caju.employeeApp,5,,23,3.3043478260869565
com.caju.employeeApp,5,Funcionalidades,4,1.75
com.caju.employeeApp,5,Atendimento ao cliente,4,3
com.caju.employeeApp,5,Acesso/Login,10,1.7
com.caju.employeeApp,5,Elogio genérico,62,4.935483870967742
com.caju.employeeApp,6,Acesso/Login,13,1.6153846153846154
com.caju.employeeApp,6,Atendimento ao cliente,3,4.666666666666667
com.caju.employeeApp,6,,17,3.5294117647058822
com.caju.employeeApp,6,Desempenho,5,1.4
com.caju.employeeApp,6,Reclamação genérica,14,3.142857142857143
com.caju.employeeApp,6,Elogio genérico,62,4.951612903225806
com.caju.employeeApp,6,Usabilidade,15,5
com.caju.employeeApp,6,Funcionalidades,2,1
com.caju.employeeApp,7,Elogio genérico,81,4.802469135802469
com.caju.employeeApp,7,,31,3.5483870967741935
com.caju.employeeApp,7,Serviços,6,1.6666666666666667
com.caju.employeeApp,7,Desempenho,49,1.5510204081632653
com.caju.employeeApp,7,Atendimento ao cliente,12,1.8333333333333333
com.caju.employeeApp,7,Funcionalidades,6,1.6666666666666667
com.caju.employeeApp,7,Reclamação genérica,33,2.3333333333333335
com.caju.employeeApp,7,Acesso/Login,139,1.618705035971223
com.caju.employeeApp,7,Usabilidade,8,4.75
com.caju.employeeApp,8,Desempenho,20,1.55
com.caju.employeeApp,8,Funcionalidades,7,1.7142857142857142
com.caju.employeeApp,8,Reclamação genérica,29,1.9310344827586208
com.caju.employeeApp,8,Serviços,3,2.3333333333333335
com.caju.employeeApp,8,Atendimento ao cliente,6,1.5
com.caju.employeeApp,8,Usabilidade,5,4.4
com.caju.employeeApp,8,,20,3.35
com.caju.employeeApp,8,Elogio genérico,33,4.818181818181818
com.caju.employeeApp,8,Acesso/Login,97,1.8762886597938144
com.caju.employeeApp,9,Serviços,2,1
com.caju.employeeApp,9,Funcionalidades,5,2.2
com.caju.employeeApp,9,Desempenho,9,1.5555555555555556
com.caju.employeeApp,9,Elogio genérico,24,4.791666666666667
com.caju.employeeApp,9,Reclamação genérica,13,2.6153846153846154
com.caju.employeeApp,9,Cobrança,2,1
com.caju.employeeApp,9,Usabilidade,3,5
com.caju.employeeApp,9,Acesso/Login,50,1.36
com.caju.employeeApp,9,Atendimento ao cliente,2,1.5
com.caju.employeeApp,9,,15,3.466666666666667
com.caju.employeeApp,10,Funcionalidades,3,2
com.caju.employeeApp,10,Cobrança,2,2.5
com.caju.employeeApp,10,Acesso/Login,33,1.878787878787879
com.caju.employeeApp,10,Desempenho,14,1.6428571428571428
com.caju.employeeApp,10,Serviços,2,3
com.caju.employeeApp,10,Elogio genérico,23,5
com.caju.employeeApp,10,Reclamação genérica,14,1.9285714285714286
com.caju.employeeApp,10,Atendimento ao cliente,3,1
com.caju.employeeApp,10,,8,2.625
com.caju.employeeApp,11,Funcionalidades,4,1.5
com.caju.employeeApp,11,Reclamação genérica,14,1.6428571428571428
com.caju.employeeApp,11,Desempenho,14,2.142857142857143
com.caju.employeeApp,11,Atendimento ao cliente,2,3
com.caju.employeeApp,11,Cobrança,1,3
com.caju.employeeApp,11,Elogio genérico,23,4.695652173913044
com.caju.employeeApp,11,,4,1.75
com.caju.employeeApp,11,Acesso/Login,42,1.6666666666666667
com.caju.employeeApp,12,Acesso/Login,56,1.3571428571428572
com.caju.employeeApp,12,Serviços,3,2.6666666666666665
com.caju.employeeApp,12,Atendimento ao cliente,3,1
com.caju.employeeApp,12,,1,5
com.caju.employeeApp,12,Desempenho,13,1.7692307692307692
com.caju.employeeApp,12,Usabilidade,11,5
com.caju.employeeApp,12,Reclamação genérica,23,2.5217391304347827
com.caju.employeeApp,12,Elogio genérico,76,4.934210526315789
com.caju.employeeApp,12,Funcionalidades,5,1.6
com.caju.employeeApp,12,,14,3.5714285714285716
com.caju.employeeApp,12,Cobrança,1,1
com.primety.sodexomobile,1,Token,3,1
com.primety.sodexomobile,1,Cadastro/Registro,63,1.3333333333333333
com.primety.sodexomobile,1,,165,2.0606060606060606
com.primety.sodexomobile,1,Elogio genérico,203,4.719211822660099
com.primety.sodexomobile,1,Fatura,83,1.2289156626506024
com.primety.sodexomobile,1,Cartão virtual,7,1.4285714285714286
com.primety.sodexomobile,1,Acesso/Login,1217,1.3886606409202957
com.primety.sodexomobile,1,Programa de recompensas,11,1.3636363636363635
com.primety.sodexomobile,1,Atualização,737,1.2333785617367707
com.primety.sodexomobile,1,Reclamação genérica,384,1.3802083333333333
com.primety.sodexomobile,1,,5,2.8
com.primety.sodexomobile,1,Investimento,11,1.7272727272727273
com.primety.sodexomobile,1,Desempenho,437,1.2265446224256293
com.primety.sodexomobile,1,Notificações,14,1.4285714285714286
com.primety.sodexomobile,1,Cartão,268,1.212686567164179
com.primety.sodexomobile,1,Usabilidade,25,2.76
com.primety.sodexomobile,1,Atendimento ao cliente,139,1.1079136690647482
com.primety.sodexomobile,2,Atendimento ao cliente,63,1.2698412698412698
com.primety.sodexomobile,2,Acesso/Login,367,1.335149863760218
com.primety.sodexomobile,2,Elogio genérico,152,4.796052631578948
com.primety.sodexomobile,2,Cadastro/Registro,43,1.255813953488372
com.primety.sodexomobile,2,Fatura,163,1.116564417177914
com.primety.sodexomobile,2,Programa de recompensas,4,1
com.primety.sodexomobile,2,,2,3
com.primety.sodexomobile,2,Usabilidade,23,2.6956521739130435
com.primety.sodexomobile,2,Atualização,382,1.3089005235602094
com.primety.sodexomobile,2,Desempenho,411,1.1995133819951338
com.primety.sodexomobile,2,Investimento,30,1.1333333333333333
com.primety.sodexomobile,2,Cartão virtual,20,1.1
com.primety.sodexomobile,2,Notificações,16,1.25
com.primety.sodexomobile,2,Token,2,1
com.primety.sodexomobile,2,Cartão,225,1.1777777777777778
com.primety.sodexomobile,2,Reclamação genérica,277,1.404332129963899
com.primety.sodexomobile,2,,33,2.272727272727273
com.primety.sodexomobile,3,,33,2.3636363636363638
com.primety.sodexomobile,3,Fatura,58,1.3793103448275863
com.primety.sodexomobile,3,Usabilidade,19,3.9473684210526314
com.primety.sodexomobile,3,Atendimento ao cliente,54,1.5740740740740742
com.primety.sodexomobile,3,,1,1
com.primety.sodexomobile,3,Token,2,1.5
com.primety.sodexomobile,3,Cartão virtual,18,1.1111111111111112
com.primety.sodexomobile,3,Notificações,8,1.375
com.primety.sodexomobile,3,Desempenho,194,1.2938144329896908
com.primety.sodexomobile,3,Reclamação genérica,173,1.4624277456647399
com.primety.sodexomobile,3,Investimento,33,1.303030303030303
com.primety.sodexomobile,3,Cadastro/Registro,33,1.4848484848484849
com.primety.sodexomobile,3,Programa de recompensas,8,1.75
com.primety.sodexomobile,3,Cartão,143,1.4265734265734267
com.primety.sodexomobile,3,Acesso/Login,176,1.4431818181818181
com.primety.sodexomobile,3,Atualização,247,1.465587044534413
com.primety.sodexomobile,3,Elogio genérico,158,4.715189873417722
com.primety.sodexomobile,4,Usabilidade,9,1.7777777777777777
com.primety.sodexomobile,4,Acesso/Login,205,1.2585365853658537
com.primety.sodexomobile,4,Programa de recompensas,2,1
com.primety.sodexomobile,4,Elogio genérico,106,4.8584905660377355
com.primety.sodexomobile,4,,2,1
com.primety.sodexomobile,4,Fatura,35,1.7142857142857142
com.primety.sodexomobile,4,Desempenho,167,1.281437125748503
com.primety.sodexomobile,4,,29,3
com.primety.sodexomobile,4,Investimento,23,1.3043478260869565
com.primety.sodexomobile,4,Notificações,4,1
com.primety.sodexomobile,4,Atendimento ao cliente,34,1.2941176470588236
com.primety.sodexomobile,4,Atualização,132,1.5151515151515151
com.primety.sodexomobile,4,Cartão,88,1.2386363636363635
com.primety.sodexomobile,4,Cartão virtual,16,1.4375
com.primety.sodexomobile,4,Reclamação genérica,123,1.4227642276422765
com.primety.sodexomobile,4,Cadastro/Registro,28,1.5357142857142858
com.primety.sodexomobile,5,Atualização,122,1.5573770491803278
com.primety.sodexomobile,5,Acesso/Login,177,1.5875706214689265
com.primety.sodexomobile,5,Atendimento ao cliente,31,1.2258064516129032
com.primety.sodexomobile,5,Reclamação genérica,90,2.077777777777778
com.primety.sodexomobile,5,Desempenho,94,1.3297872340425532
com.primety.sodexomobile,5,Cartão virtual,11,1.7272727272727273
com.primety.sodexomobile,5,Cartão,72,1.4861111111111112
com.primety.sodexomobile,5,Investimento,11,1.8181818181818181
com.primety.sodexomobile,5,Cadastro/Registro,35,1.2285714285714286
com.primety.sodexomobile,5,,40,2.375
com.primety.sodexomobile,5,,3,3.6666666666666665
com.primety.sodexomobile,5,Usabilidade,35,3.5142857142857142
com.primety.sodexomobile,5,Elogio genérico,229,4.777292576419214
com.primety.sodexomobile,5,Notificações,10,1.9
com.primety.sodexomobile,5,Fatura,22,1.8181818181818181
com.primety.sodexomobile,6,,58,3.603448275862069
com.primety.sodexomobile,6,Token,1,1
com.primety.sodexomobile,6,Atendimento ao cliente,44,2.1818181818181817
com.primety.sodexomobile,6,Reclamação genérica,75,2.64
com.primety.sodexomobile,6,Cartão virtual,17,1.8235294117647058
com.primety.sodexomobile,6,Cartão,62,1.935483870967742
com.primety.sodexomobile,6,Usabilidade,81,4.839506172839506
com.primety.sodexomobile,6,Desempenho,48,1.75
com.primety.sodexomobile,6,Atualização,68,1.7205882352941178
com.primety.sodexomobile,6,Elogio genérico,512,4.845703125
com.primety.sodexomobile,6,Notificações,5,3
com.primety.sodexomobile,6,,4,3.25
com.primety.sodexomobile,6,Cadastro/Registro,27,1.3333333333333333
com.primety.sodexomobile,6,Acesso/Login,109,1.7798165137614679
com.primety.sodexomobile,6,Investimento,6,2
com.primety.sodexomobile,6,Programa de recompensas,4,2.25
com.primety.sodexomobile,6,Fatura,25,2.2
com.primety.sodexomobile,7,Investimento,13,3
com.primety.sodexomobile,7,Token,2,1
com.primety.sodexomobile,7,Elogio genérico,1398,4.854792560801145
com.primety.sodexomobile,7,Atualização,197,1.649746192893401
com.primety.sodexomobile,7,Desempenho,107,1.7476635514018692
com.primety.sodexomobile,7,Programa de recompensas,9,2.5555555555555554
com.primety.sodexomobile,7,Reclamação genérica,173,2.953757225433526
com.primety.sodexomobile,7,Cadastro/Registro,41,1.4390243902439024
com.primety.sodexomobile,7,Acesso/Login,222,1.8423423423423424
com.primety.sodexomobile,7,,7,4.285714285714286
com.primety.sodexomobile,7,,118,3.9661016949152543
com.primety.sodexomobile,7,Usabilidade,243,4.843621399176954
com.primety.sodexomobile,7,Cartão,90,1.8777777777777778
com.primety.sodexomobile,7,Atendimento ao cliente,50,2.64
com.primety.sodexomobile,7,Notificações,7,1.1428571428571428
com.primety.sodexomobile,7,Cartão virtual,13,1.6923076923076923
com.primety.sodexomobile,7,Fatura,35,2.3714285714285714
com.primety.sodexomobile,8,Reclamação genérica,155,2.6129032258064515
com.primety.sodexomobile,8,Investimento,10,3.3
com.primety.sodexomobile,8,Token,1,3
com.primety.sodexomobile,8,Atualização,159,1.7735849056603774
com.primety.sodexomobile,8,Notificações,10,1.1
com.primety.sodexomobile,8,Usabilidade,219,4.821917808219178
com.primety.sodexomobile,8,Atendimento ao cliente,36,2.3055555555555554
com.primety.sodexomobile,8,Cartão,74,1.864864864864865
com.primety.sodexomobile,8,Elogio genérico,1082,4.8622920517560075
com.primety.sodexomobile,8,,92,3.8043478260869565
com.primety.sodexomobile,8,Desempenho,88,1.6931818181818181
com.primety.sodexomobile,8,Acesso/Login,243,1.6584362139917694
com.primety.sodexomobile,8,Fatura,21,2.8095238095238093
com.primety.sodexomobile,8,Cadastro/Registro,29,1.7586206896551724
com.primety.sodexomobile,8,Programa de recompensas,2,3.5
com.primety.sodexomobile,8,Cartão virtual,6,1.3333333333333333
com.primety.sodexomobile,8,,4,4.75
com.primety.sodexomobile,9,Usabilidade,168,4.845238095238095
com.primety.sodexomobile,9,Cartão virtual,13,1.8461538461538463
com.primety.sodexomobile,9,Notificações,5,2.2
com.primety.sodexomobile,9,Atendimento ao cliente,51,3.3137254901960786
com.primety.sodexomobile,9,Reclamação genérica,120,2.85
com.primety.sodexomobile,9,Acesso/Login,156,1.7307692307692308
com.primety.sodexomobile,9,Cadastro/Registro,18,1.1111111111111112
com.primety.sodexomobile,9,Programa de recompensas,4,1.75
com.primety.sodexomobile,9,Elogio genérico,960,4.873958333333333
com.primety.sodexomobile,9,Desempenho,51,1.8627450980392157
com.primety.sodexomobile,9,,2,5
com.primety.sodexomobile,9,Investimento,7,2
com.primety.sodexomobile,9,Fatura,19,2.8947368421052633
com.primety.sodexomobile,9,,92,3.6956521739130435
com.primety.sodexomobile,9,Token,2,3
com.primety.sodexomobile,9,Atualização,79,1.7215189873417722
com.primety.sodexomobile,9,Cartão,67,1.791044776119403
com.primety.sodexomobile,10,Elogio genérico,753,4.865869853917663
com.primety.sodexomobile,10,Atendimento ao cliente,41,2.926829268292683
com.primety.sodexomobile,10,Atualização,39,1.9487179487179487
com.primety.sodexomobile,10,,70,3.7285714285714286
com.primety.sodexomobile,10,,6,5
com.primety.sodexomobile,10,Cadastro/Registro,27,1.7407407407407407
com.primety.sodexomobile,10,Notificações,3,1.6666666666666667
com.primety.sodexomobile,10,Fatura,31,2.3225806451612905
com.primety.sodexomobile,10,Acesso/Login,141,1.7092198581560283
com.primety.sodexomobile,10,Desempenho,50,1.48
com.primety.sodexomobile,10,Usabilidade,185,4.789189189189189
com.primety.sodexomobile,10,Cartão,77,1.5844155844155845
com.primety.sodexomobile,10,Programa de recompensas,4,2.25
com.primety.sodexomobile,10,Investimento,10,2.1
com.primety.sodexomobile,10,Reclamação genérica,111,3.144144144144144
com.primety.sodexomobile,10,Cartão virtual,10,1.7
com.primety.sodexomobile,11,Atualização,402,1.5
com.primety.sodexomobile,11,Programa de recompensas,1,5
com.primety.sodexomobile,11,,4,4.5
com.primety.sodexomobile,11,Acesso/Login,305,1.580327868852459
com.primety.sodexomobile,11,Cartão virtual,15,1.9333333333333333
com.primety.sodexomobile,11,Desempenho,134,1.4850746268656716
com.primety.sodexomobile,11,Elogio genérico,1115,4.859192825112108
com.primety.sodexomobile,11,Atendimento ao cliente,56,2.4642857142857144
com.primety.sodexomobile,11,Token,3,2.3333333333333335
com.primety.sodexomobile,11,Notificações,4,3.5
com.primety.sodexomobile,11,Cartão,104,1.6634615384615385
com.primety.sodexomobile,11,Cadastro/Registro,46,1.326086956521739
com.primety.sodexomobile,11,Usabilidade,195,4.7384615384615385
com.primety.sodexomobile,11,Reclamação genérica,181,2.6353591160220993
com.primety.sodexomobile,11,,85,3.6588235294117646
com.primety.sodexomobile,11,Investimento,18,2.5555555555555554
com.primety.sodexomobile,11,Fatura,39,2.358974358974359
com.primety.sodexomobile,12,Desempenho,480,1.475
com.primety.sodexomobile,12,Investimento,21,2.5714285714285716
com.primety.sodexomobile,12,Atendimento ao cliente,127,2.0866141732283463
com.primety.sodexomobile,12,Acesso/Login,2038,1.5731108930323847
com.primety.sodexomobile,12,Cartão,175,1.48
com.primety.sodexomobile,12,,10,3.3
com.primety.sodexomobile,12,Reclamação genérica,663,2.3137254901960786
com.primety.sodexomobile,12,Cartão virtual,26,1.4230769230769231
com.primety.sodexomobile,12,Notificações,11,1.6363636363636365
com.primety.sodexomobile,12,,223,3.2466367713004485
com.primety.sodexomobile,12,Token,2,1.5
com.primety.sodexomobile,12,Cadastro/Registro,54,1.7407407407407407
com.primety.sodexomobile,12,Fatura,53,2.0943396226415096
com.primety.sodexomobile,12,Atualização,1616,1.3842821782178218
com.primety.sodexomobile,12,Programa de recompensas,9,1.2222222222222223
com.primety.sodexomobile,12,Elogio genérico,3204,4.870786516853933
com.primety.sodexomobile,12,Usabilidade,456,4.677631578947368
ws.hanzo.Vrrh,1,Cadastro/Registro,29,1.5517241379310345
ws.hanzo.Vrrh,1,Elogio genérico,1013,4.912142152023692
ws.hanzo.Vrrh,1,,7,3.857142857142857
ws.hanzo.Vrrh,1,Atendimento ao cliente,35,3.3142857142857145
ws.hanzo.Vrrh,1,Notificações,9,3.3333333333333335
ws.hanzo.Vrrh,1,Atualização,25,1.96
ws.hanzo.Vrrh,1,Acesso/Login,60,1.9
ws.hanzo.Vrrh,1,Fatura,19,3.263157894736842
ws.hanzo.Vrrh,1,Cartão,50,2.32
ws.hanzo.Vrrh,1,Reclamação genérica,131,3.030534351145038
ws.hanzo.Vrrh,1,Desempenho,49,1.5918367346938775
ws.hanzo.Vrrh,1,Usabilidade,175,4.965714285714285
ws.hanzo.Vrrh,1,Programa de recompensas,28,2
ws.hanzo.Vrrh,1,,118,3.7711864406779663
ws.hanzo.Vrrh,1,Investimento,4,3
ws.hanzo.Vrrh,2,Acesso/Login,18,3.1666666666666665
ws.hanzo.Vrrh,2,Atualização,4,5
ws.hanzo.Vrrh,2,,1,1
ws.hanzo.Vrrh,2,,13,3.923076923076923
ws.hanzo.Vrrh,2,Cadastro/Registro,8,1.5
ws.hanzo.Vrrh,2,Investimento,1,1
ws.hanzo.Vrrh,2,Programa de recompensas,2,2
ws.hanzo.Vrrh,2,Fatura,4,1
ws.hanzo.Vrrh,2,Atendimento ao cliente,8,3.5
ws.hanzo.Vrrh,2,Elogio genérico,293,4.959044368600683
ws.hanzo.Vrrh,2,Cartão,21,2.0476190476190474
ws.hanzo.Vrrh,2,Reclamação genérica,35,3.942857142857143
ws.hanzo.Vrrh,2,Desempenho,13,1.7692307692307692
ws.hanzo.Vrrh,2,Notificações,2,2.5
ws.hanzo.Vrrh,2,Token,1,1
ws.hanzo.Vrrh,2,Usabilidade,60,4.883333333333334
ws.hanzo.Vrrh,3,Usabilidade,32,4.78125
ws.hanzo.Vrrh,3,Desempenho,16,1.625
ws.hanzo.Vrrh,3,Investimento,4,3.25
ws.hanzo.Vrrh,3,Atendimento ao cliente,13,2.923076923076923
ws.hanzo.Vrrh,3,,15,4.2
ws.hanzo.Vrrh,3,Programa de recompensas,1,5
ws.hanzo.Vrrh,3,Reclamação genérica,27,2.8518518518518516
ws.hanzo.Vrrh,3,,1,5
ws.hanzo.Vrrh,3,Fatura,5,3.2
ws.hanzo.Vrrh,3,Acesso/Login,13,1.1538461538461537
ws.hanzo.Vrrh,3,Cadastro/Registro,12,1.75
ws.hanzo.Vrrh,3,Elogio genérico,205,4.95609756097561
ws.hanzo.Vrrh,3,Notificações,4,2.5
ws.hanzo.Vrrh,3,Atualização,4,3
ws.hanzo.Vrrh,3,Cartão,22,1.8181818181818181
ws.hanzo.Vrrh,4,Fatura,9,2.888888888888889
ws.hanzo.Vrrh,4,Usabilidade,33,5
ws.hanzo.Vrrh,4,Desempenho,9,1.7777777777777777
ws.hanzo.Vrrh,4,Atualização,2,2
ws.hanzo.Vrrh,4,Cartão virtual,1,1
ws.hanzo.Vrrh,4,Cartão,9,2.2222222222222223
ws.hanzo.Vrrh,4,Cadastro/Registro,13,2
ws.hanzo.Vrrh,4,Atendimento ao cliente,11,2.5454545454545454
ws.hanzo.Vrrh,4,Acesso/Login,14,1.7142857142857142
ws.hanzo.Vrrh,4,Reclamação genérica,20,2.75
ws.hanzo.Vrrh,4,,16,3.375
ws.hanzo.Vrrh,4,Elogio genérico,222,4.95045045045045
ws.hanzo.Vrrh,4,Notificações,5,4.4
ws.hanzo.Vrrh,4,Programa de recompensas,1,5
ws.hanzo.Vrrh,5,Atualização,6,2.1666666666666665
ws.hanzo.Vrrh,5,Elogio genérico,100,4.91
ws.hanzo.Vrrh,5,Cartão virtual,2,1.5
ws.hanzo.Vrrh,5,Investimento,1,5
ws.hanzo.Vrrh,5,Cadastro/Registro,4,2.25
ws.hanzo.Vrrh,5,,1,5
ws.hanzo.Vrrh,5,Programa de recompensas,1,3
ws.hanzo.Vrrh,5,Usabilidade,14,5
ws.hanzo.Vrrh,5,Cartão,19,1.4736842105263157
ws.hanzo.Vrrh,5,,9,3.5555555555555554
ws.hanzo.Vrrh,5,Reclamação genérica,18,3.2777777777777777
ws.hanzo.Vrrh,5,Fatura,5,2.2
ws.hanzo.Vrrh,5,Atendimento ao cliente,6,3.5
ws.hanzo.Vrrh,5,Desempenho,5,2.2
ws.hanzo.Vrrh,5,Notificações,4,1
ws.hanzo.Vrrh,5,Acesso/Login,12,1.75
ws.hanzo.Vrrh,6,Cadastro/Registro,4,1.75
ws.hanzo.Vrrh,6,Cartão virtual,1,2
ws.hanzo.Vrrh,6,Reclamação genérica,17,2.2941176470588234
ws.hanzo.Vrrh,6,Elogio genérico,114,4.912280701754386
ws.hanzo.Vrrh,6,Notificações,1,1
ws.hanzo.Vrrh,6,Atualização,5,3.2
ws.hanzo.Vrrh,6,Fatura,6,2
ws.hanzo.Vrrh,6,Atendimento ao cliente,11,2.5454545454545454
ws.hanzo.Vrrh,6,Acesso/Login,8,2
ws.hanzo.Vrrh,6,,1,5
ws.hanzo.Vrrh,6,Cartão,12,2.25
ws.hanzo.Vrrh,6,,11,3.4545454545454546
ws.hanzo.Vrrh,6,Desempenho,7,1.4285714285714286
ws.hanzo.Vrrh,6,Usabilidade,18,5
ws.hanzo.Vrrh,6,Investimento,1,1
ws.hanzo.Vrrh,7,Atendimento ao cliente,3,2.6666666666666665
ws.hanzo.Vrrh,7,,5,4.2
ws.hanzo.Vrrh,7,Investimento,2,3
ws.hanzo.Vrrh,7,Fatura,4,3
ws.hanzo.Vrrh,7,Desempenho,8,1.25
ws.hanzo.Vrrh,7,Cartão,13,1.6923076923076923
ws.hanzo.Vrrh,7,Elogio genérico,297,4.962962962962963
ws.hanzo.Vrrh,7,Reclamação genérica,29,3.7586206896551726
ws.hanzo.Vrrh,7,Cadastro/Registro,6,1.3333333333333333
ws.hanzo.Vrrh,7,Acesso/Login,16,1.9375
ws.hanzo.Vrrh,7,,20,3.9
ws.hanzo.Vrrh,7,Programa de recompensas,1,5
ws.hanzo.Vrrh,7,Usabilidade,60,4.95
ws.hanzo.Vrrh,7,Notificações,1,1
ws.hanzo.Vrrh,8,Acesso/Login,10,1.9
ws.hanzo.Vrrh,8,Cartão virtual,2,1
ws.hanzo.Vrrh,8,,3,5
ws.hanzo.Vrrh,8,Cartão,14,2.7857142857142856
ws.hanzo.Vrrh,8,Desempenho,16,2.375
ws.hanzo.Vrrh,8,Token,1,5
ws.hanzo.Vrrh,8,Elogio genérico,285,4.908771929824561
ws.hanzo.Vrrh,8,Investimento,1,5
ws.hanzo.Vrrh,8,Atualização,15,2.3333333333333335
ws.hanzo.Vrrh,8,Programa de recompensas,3,2.3333333333333335
ws.hanzo.Vrrh,8,Usabilidade,64,4.953125
ws.hanzo.Vrrh,8,Cadastro/Registro,6,1.5
ws.hanzo.Vrrh,8,Fatura,5,2.6
ws.hanzo.Vrrh,8,Atendimento ao cliente,9,3.4444444444444446
ws.hanzo.Vrrh,8,,17,3.7058823529411766
ws.hanzo.Vrrh,8,Reclamação genérica,24,3.625
ws.hanzo.Vrrh,9,Notificações,3,3.6666666666666665
ws.hanzo.Vrrh,9,Acesso/Login,13,1.8461538461538463
ws.hanzo.Vrrh,9,Atualização,8,1.75
ws.hanzo.Vrrh,9,Cartão virtual,6,1.8333333333333333
ws.hanzo.Vrrh,9,Cartão,19,1.5263157894736843
ws.hanzo.Vrrh,9,Reclamação genérica,34,3.176470588235294
ws.hanzo.Vrrh,9,Cadastro/Registro,12,1.25
ws.hanzo.Vrrh,9,Token,1,1
ws.hanzo.Vrrh,9,Investimento,1,4
ws.hanzo.Vrrh,9,Usabilidade,58,4.758620689655173
ws.hanzo.Vrrh,9,Atendimento ao cliente,10,3.5
ws.hanzo.Vrrh,9,Elogio genérico,223,4.896860986547085
ws.hanzo.Vrrh,9,Fatura,8,1.625
ws.hanzo.Vrrh,9,Desempenho,12,2
ws.hanzo.Vrrh,9,,12,3.25
ws.hanzo.Vrrh,10,Acesso/Login,19,2.6315789473684212
ws.hanzo.Vrrh,10,Fatura,11,2.8181818181818183
ws.hanzo.Vrrh,10,Investimento,2,3
ws.hanzo.Vrrh,10,,44,3.8863636363636362
ws.hanzo.Vrrh,10,Elogio genérico,755,4.9390728476821195
ws.hanzo.Vrrh,10,Cartão virtual,2,1.5
ws.hanzo.Vrrh,10,Atualização,15,2.6
ws.hanzo.Vrrh,10,Programa de recompensas,4,4.5
ws.hanzo.Vrrh,10,Cadastro/Registro,13,1.7692307692307692
ws.hanzo.Vrrh,10,Notificações,1,5
ws.hanzo.Vrrh,10,Reclamação genérica,65,3.5384615384615383
ws.hanzo.Vrrh,10,Atendimento ao cliente,29,4.310344827586207
ws.hanzo.Vrrh,10,,1,1
ws.hanzo.Vrrh,10,Desempenho,14,2.5
ws.hanzo.Vrrh,10,Cartão,24,2.75
ws.hanzo.Vrrh,10,Usabilidade,139,4.863309352517986
ws.hanzo.Vrrh,11,,6,4
ws.hanzo.Vrrh,11,Elogio genérico,517,4.912959381044487
ws.hanzo.Vrrh,11,Cadastro/Registro,26,1.5769230769230769
ws.hanzo.Vrrh,11,Programa de recompensas,60,1.2166666666666666
ws.hanzo.Vrrh,11,Reclamação genérica,97,2.463917525773196
ws.hanzo.Vrrh,11,Investimento,5,3.4
ws.hanzo.Vrrh,11,Usabilidade,79,4.2405063291139244
ws.hanzo.Vrrh,11,Desempenho,68,1.7794117647058822
ws.hanzo.Vrrh,11,Fatura,15,1.5333333333333334
ws.hanzo.Vrrh,11,Atualização,48,1.8125
ws.hanzo.Vrrh,11,Cartão,34,1.3235294117647058
ws.hanzo.Vrrh,11,,62,3.4193548387096775
ws.hanzo.Vrrh,11,Notificações,3,2.3333333333333335
ws.hanzo.Vrrh,11,Atendimento ao cliente,22,3.6363636363636362
ws.hanzo.Vrrh,11,Acesso/Login,61,1.9672131147540983
ws.hanzo.Vrrh,12,Cartão virtual,1,5
ws.hanzo.Vrrh,12,,97,4.041237113402062
ws.hanzo.Vrrh,12,Cadastro/Registro,12,1.75
ws.hanzo.Vrrh,12,Reclamação genérica,104,3.0576923076923075
ws.hanzo.Vrrh,12,Programa de recompensas,41,1.7560975609756098
ws.hanzo.Vrrh,12,Desempenho,45,1.6888888888888889
ws.hanzo.Vrrh,12,Fatura,17,2.6470588235294117
ws.hanzo.Vrrh,12,Investimento,6,3
ws.hanzo.Vrrh,12,Cartão,29,1.8620689655172413
ws.hanzo.Vrrh,12,Atualização,23,2.4347826086956523
ws.hanzo.Vrrh,12,Notificações,3,2.3333333333333335
ws.hanzo.Vrrh,12,Acesso/Login,44,2.159090909090909
ws.hanzo.Vrrh,12,Elogio genérico,575,4.932173913043478
ws.hanzo.Vrrh,12,Token,3,5
ws.hanzo.Vrrh,12,,3,3.6666666666666665
ws.hanzo.Vrrh,12,Atendimento ao cliente,25,3.56
ws.hanzo.Vrrh,12,Usabilidade,99,4.828282828282828